alpha,total_fixed_points,stable_fixed_points,fixed_points,stable_points
1.0,1,1,"[(0.6823278038280212, 0.6823278038280182)]","[(0.6823278038280212, 0.6823278038280182)]"
1.1,1,1,"[(0.7226365710772693, 0.7226365710772699)]","[(0.7226365710772693, 0.7226365710772699)]"
1.2,1,1,"[(0.7603745901722987, 0.7603745901723005)]","[(0.7603745901722987, 0.7603745901723005)]"
1.3,1,1,"[(0.7958764594199971, 0.7958764594199931)]","[(0.7958764594199971, 0.7958764594199931)]"
1.4,1,1,"[(0.8294170130473842, 0.8294170130473837)]","[(0.8294170130473842, 0.8294170130473837)]"
1.5,1,1,"[(0.861224099739571, 0.8612240997395757)]","[(0.861224099739571, 0.8612240997395757)]"
1.6,1,1,"[(0.8914883399688796, 0.8914883399688868)]","[(0.8914883399688796, 0.8914883399688868)]"
1.7000000000000002,1,1,"[(0.920370598124578, 0.9203705981245767)]","[(0.920370598124578, 0.9203705981245767)]"
1.8,1,1,"[(0.9480077399790984, 0.9480077399790974)]","[(0.9480077399790984, 0.9480077399790974)]"
1.9,1,1,"[(0.9745171034975753, 0.974517103497557)]","[(0.9745171034975753, 0.974517103497557)]"
2.0,1,0,"[(1.0, 1.0)]",[]
2.1,3,2,"[(0.7298437881283638, 1.3701562118716344), (1.0245444797919365, 1.0245444797919339), (1.3701562118716364, 0.7298437881283618)]","[(0.7298437881283638, 1.3701562118716344), (1.3701562118716364, 0.7298437881283618)]"
2.2,3,2,"[(0.6417424305044097, 1.5582575694955931), (1.0482275355620088, 1.0482275355620068), (1.5582575694955798, 0.6417424305044185)]","[(0.6417424305044097, 1.5582575694955931), (1.5582575694955798, 0.6417424305044185)]"
2.3,3,2,"[(0.5821091654199693, 1.7178908345800323), (1.0711168724918174, 1.0711168724918092), (1.7178908345800297, 0.5821091654199714)]","[(0.5821091654199693, 1.7178908345800323), (1.7178908345800297, 0.5821091654199714)]"
2.4000000000000004,3,2,"[(0.5366750419289225, 1.8633249580710765), (1.0932723416689667, 1.0932723416689605), (1.8633249580710776, 0.5366750419289212)]","[(0.5366750419289225, 1.8633249580710765), (1.8633249580710776, 0.5366750419289212)]"
2.5,3,2,"[(0.5, 2.0), (1.1147471097045183, 1.1147471097045152), (2.0, 0.5)]","[(0.5, 2.0), (2.0, 0.5)]"
2.6,3,2,"[(0.4693376137081917, 2.130662386291809), (1.1355886200113554, 1.1355886200113512), (2.1306623862918093, 0.4693376137081919)]","[(0.4693376137081917, 2.130662386291809), (2.1306623862918093, 0.4693376137081919)]"
2.7,3,2,"[(0.443082142639147, 2.256917857360853), (1.1558393882667337, 1.1558393882667308), (2.256917857360853, 0.4430821426391472)]","[(0.443082142639147, 2.256917857360853), (2.256917857360853, 0.4430821426391472)]"
2.8,3,2,"[(0.42020410288672816, 2.379795897113272), (1.1755376649228135, 1.175537664922812), (2.3797958971132704, 0.420204102886729)]","[(0.42020410288672816, 2.379795897113272), (2.3797958971132704, 0.420204102886729)]"
2.9000000000000004,3,2,"[(0.3999999999999995, 2.500000000000001), (1.194717990359599, 1.194717990359598), (2.500000000000001, 0.3999999999999998)]","[(0.3999999999999995, 2.500000000000001), (2.500000000000001, 0.3999999999999998)]"
3.0,3,2,"[(0.3819660112501042, 2.6180339887498962), (1.2134116627622316, 1.2134116627622273), (2.618033988749895, 0.38196601125010515)]","[(0.3819660112501042, 2.6180339887498962), (2.618033988749895, 0.38196601125010515)]"
3.1,3,2,"[(0.36572807176730016, 2.734271928232699), (1.2316471345925966, 1.2316471345925935), (2.734271928232703, 0.36572807176729843)]","[(0.36572807176730016, 2.734271928232699), (2.734271928232703, 0.36572807176729843)]"
3.2,3,2,"[(0.3510004003203202, 2.84899959967968), (1.2494503502831673, 1.2494503502831678), (2.8489995996796798, 0.35100040032032037)]","[(0.3510004003203202, 2.84899959967968), (2.8489995996796798, 0.35100040032032037)]"
3.3000000000000003,3,2,"[(0.33755952515932997, 2.962440474840671), (1.2668450352675262, 1.2668450352675285), (2.9624404748406703, 0.33755952515933096)]","[(0.33755952515932997, 2.962440474840671), (2.9624404748406703, 0.33755952515933096)]"
3.4000000000000004,3,2,"[(0.32522729151324925, 3.0747727084867496), (1.2838529444999467, 1.2838529444999423), (3.0747727084867513, 0.3252272915132482)]","[(0.32522729151324925, 3.0747727084867496), (3.0747727084867513, 0.3252272915132482)]"
3.5,3,2,"[(0.3138593383654935, 3.186140661634506), (1.3004940770744595, 1.3004940770744648), (3.1861406616345063, 0.313859338365493)]","[(0.3138593383654935, 3.186140661634506), (3.1861406616345063, 0.313859338365493)]"
3.6,3,2,"[(0.30333704529042305, 3.296662954709577), (1.3167868623343981, 1.3167868623343975), (3.2966629547095767, 0.30333704529042343)]","[(0.30333704529042305, 3.296662954709577), (3.2966629547095767, 0.30333704529042343)]"
3.7,3,2,"[(0.29356175837266146, 3.406438241627339), (1.3327483218927498, 1.3327483218927485), (3.406438241627339, 0.2935617583726618)]","[(0.29356175837266146, 3.406438241627339), (3.406438241627339, 0.2935617583726618)]"
3.8000000000000003,3,2,"[(0.28445055785964674, 3.515549442140355), (1.3483942112071339, 1.3483942112071372), (3.5155494421403537, 0.28445055785964846)]","[(0.28445055785964674, 3.515549442140355), (3.5155494421403537, 0.28445055785964846)]"
3.9000000000000004,3,2,"[(0.27593309572167823, 3.624066904278323), (1.3637391437276092, 1.3637391437276107), (3.6240669042783225, 0.2759330957216791)]","[(0.27593309572167823, 3.624066904278323), (3.6240669042783225, 0.2759330957216791)]"
4.0,3,2,"[(0.2679491924311199, 3.732050807568883), (1.378796700129553, 1.3787967001295482), (3.732050807568879, 0.2679491924311225)]","[(0.2679491924311199, 3.732050807568883), (3.732050807568879, 0.2679491924311225)]"
4.1,3,2,"[(0.2604469831826734, 3.8395530168173244), (1.393579524732103, 1.393579524732101), (3.8395530168173275, 0.260446983182672)]","[(0.2604469831826734, 3.8395530168173244), (3.8395530168173275, 0.260446983182672)]"
4.2,3,2,"[(0.25338146873806144, 3.9466185312619384), (1.4080994108660128, 1.4080994108660134), (3.9466185312619393, 0.25338146873806117)]","[(0.25338146873806144, 3.9466185312619384), (3.9466185312619393, 0.25338146873806117)]"
4.300000000000001,3,2,"[(0.246713368932571, 4.05328663106743), (1.4223673766781966, 1.4223673766781988), (4.0532866310674285, 0.24671336893257192)]","[(0.246713368932571, 4.05328663106743), (4.0532866310674285, 0.24671336893257192)]"
4.4,3,2,"[(0.2404082057734564, 4.159591794226545), (1.4363937326321476, 1.4363937326321443), (4.159591794226543, 0.2404082057734575)]","[(0.2404082057734564, 4.159591794226545), (4.159591794226543, 0.2404082057734575)]"
4.5,3,2,"[(0.23443556292536327, 4.2655644370746355), (1.4501881417741997, 1.4501881417742004), (4.265564437074638, 0.2344355629253625)]","[(0.23443556292536327, 4.2655644370746355), (4.265564437074638, 0.2344355629253625)]"
4.6,3,2,"[(0.22876848227920088, 4.3712315177208), (1.4637596736782927, 1.4637596736782963), (4.3712315177207985, 0.22876848227920202)]","[(0.22876848227920088, 4.3712315177208), (4.3712315177207985, 0.22876848227920202)]"
4.7,3,2,"[(0.22338296818632658, 4.4766170318136735), (1.4771168528502505, 1.4771168528502536), (4.476617031813673, 0.22338296818632636)]","[(0.22338296818632658, 4.4766170318136735), (4.476617031813673, 0.22338296818632636)]"
4.800000000000001,3,2,"[(0.2182575770728581, 4.5817424229271415), (1.49026770226238, 1.4902677022623756), (4.581742422927144, 0.218257577072857)]","[(0.2182575770728581, 4.5817424229271415), (4.581742422927144, 0.218257577072857)]"
4.9,3,2,"[(0.21337307536549524, 4.686626924634506), (1.503219782596216, 1.5032197825962128), (4.6866269246345045, 0.21337307536549582)]","[(0.21337307536549524, 4.686626924634506), (4.6866269246345045, 0.21337307536549582)]"
5.0,3,2,"[(0.2087121525220785, 4.791287847477923), (1.51598022769282, 1.5159802276928214), (4.79128784747792, 0.20871215252207997)]","[(0.2087121525220785, 4.791287847477923), (4.79128784747792, 0.20871215252207997)]"
5.1000000000000005,3,2,"[(0.20425917885201875, 4.895740821147983), (1.5285557766434081, 1.5285557766434075), (4.89574082114798, 0.20425917885201994)]","[(0.20425917885201875, 4.895740821147983), (4.89574082114798, 0.20425917885201994)]"
5.2,3,2,"[(0.1999999999999998, 5.000000000000001), (1.5409528028965451, 1.5409528028965476), (5.000000000000002, 0.19999999999999987)]","[(0.1999999999999998, 5.000000000000001), (5.000000000000002, 0.19999999999999987)]"
5.3,3,2,"[(0.1959217616383943, 5.1040782383616055), (1.553177340709855, 1.5531773407098561), (5.104078238361606, 0.19592176163839464)]","[(0.1959217616383943, 5.1040782383616055), (5.104078238361606, 0.19592176163839464)]"
5.4,3,2,"[(0.19201275920311028, 5.207987240796889), (1.5652351092327539, 1.5652351092327557), (5.207987240796889, 0.19201275920310962)]","[(0.19201275920311028, 5.207987240796889), (5.207987240796889, 0.19201275920310962)]"
5.5,3,2,"[(0.18826230851010073, 5.311737691489899), (1.577131534471344, 1.5771315344713424), (5.311737691489901, 0.1882623085101003)]","[(0.18826230851010073, 5.311737691489899), (5.311737691489901, 0.1882623085101003)]"
5.6000000000000005,3,2,"[(0.18466063387559506, 5.415339366124407), (1.5888717693559404, 1.5888717693559429), (5.415339366124405, 0.18466063387559584)]","[(0.18466063387559506, 5.415339366124407), (5.415339366124405, 0.18466063387559584)]"
5.7,3,2,"[(0.18119877098349751, 5.518801229016502), (1.6004607121054293, 1.6004607121054275), (5.518801229016503, 0.18119877098349643)]","[(0.18119877098349751, 5.518801229016502), (5.518801229016503, 0.18119877098349643)]"
5.800000000000001,3,2,"[(0.17786848223676222, 5.622131517763236), (1.6119030230596993, 1.611903023059697), (5.622131517763242, 0.17786848223676005)]","[(0.17786848223676222, 5.622131517763236), (5.622131517763242, 0.17786848223676005)]"
5.9,3,2,"[(0.17466218272441847, 5.72533781727558), (1.6232031401317295, 1.6232031401317293), (5.7253378172755856, 0.17466218272441641)]","[(0.17466218272441847, 5.72533781727558), (5.7253378172755856, 0.17466218272441641)]"
6.0,3,2,"[(0.1715728752538089, 5.828427124746192), (1.6343652930135428, 1.6343652930135442), (5.82842712474619, 0.17157287525380993)]","[(0.1715728752538089, 5.828427124746192), (5.82842712474619, 0.17157287525380993)]"
6.1000000000000005,3,2,"[(0.16859409315521717, 5.931405906844784), (1.6453935162552897, 1.6453935162552826), (5.931405906844784, 0.16859409315521798)]","[(0.16859409315521717, 5.931405906844784), (5.931405906844784, 0.16859409315521798)]"
6.2,3,2,"[(0.16571984977575752, 6.034280150224243), (1.6562916613235468, 1.6562916613235514), (6.034280150224243, 0.16571984977575802)]","[(0.16571984977575752, 6.034280150224243), (6.034280150224243, 0.16571984977575802)]"
6.300000000000001,3,2,"[(0.16294459375123152, 6.137055406248768), (1.6670634077335142, 1.6670634077335076), (6.137055406248768, 0.16294459375123083)]","[(0.16294459375123152, 6.137055406248768), (6.137055406248768, 0.16294459375123083)]"
6.4,3,2,"[(0.16026316928586848, 6.23973683071413), (1.6777122733394418, 1.6777122733394414), (6.239736830714133, 0.16026316928586726)]","[(0.16026316928586848, 6.23973683071413), (6.239736830714133, 0.16026316928586726)]"
6.5,3,2,"[(0.15767078078675723, 6.34232921921324), (1.688241623859137, 1.6882416238591345), (6.342329219213246, 0.15767078078675456)]","[(0.15767078078675723, 6.34232921921324), (6.342329219213246, 0.15767078078675456)]"
6.6000000000000005,3,2,"[(0.15516296129672197, 6.444837038703279), (1.6986546817001122, 1.6986546817001145), (6.444837038703275, 0.1551629612967226)]","[(0.15516296129672197, 6.444837038703279), (6.444837038703275, 0.1551629612967226)]"
6.7,3,2,"[(0.15273554425036712, 6.547264455749632), (1.7089545341484187, 1.708954534148423), (6.547264455749633, 0.15273554425036653)]","[(0.15273554425036712, 6.547264455749632), (6.547264455749633, 0.15273554425036653)]"
6.800000000000001,3,2,"[(0.15038463814561764, 6.649615361854382), (1.7191441409748083, 1.7191441409748043), (6.649615361854383, 0.15038463814561592)]","[(0.15038463814561764, 6.649615361854382), (6.649615361854383, 0.15038463814561592)]"
6.9,3,2,"[(0.1481066037801867, 6.751893396219816), (1.7292263415075868, 1.7292263415075826), (6.751893396219814, 0.14810660378018856)]","[(0.1481066037801867, 6.751893396219816), (6.751893396219814, 0.14810660378018856)]"
7.0,3,2,"[(0.14589803375031687, 6.854101966249682), (1.7392038612166938, 1.7392038612166938), (6.854101966249684, 0.1458980337503155)]","[(0.14589803375031687, 6.854101966249682), (6.854101966249684, 0.1458980337503155)]"
7.1000000000000005,3,2,"[(0.1437557339497813, 6.956244266050218), (1.7490793178491653, 1.7490793178491728), (6.95624426605022, 0.14375573394978028)]","[(0.1437557339497813, 6.956244266050218), (6.95624426605022, 0.14375573394978028)]"
7.2,3,2,"[(0.1416767068418805, 7.058323293158122), (1.7588552271524285, 1.7588552271524258), (7.058323293158116, 0.1416767068418835)]","[(0.1416767068418805, 7.058323293158122), (7.058323293158116, 0.1416767068418835)]"
7.300000000000001,3,2,"[(0.13965813630637802, 7.160341863693625), (1.7685340082183534, 1.7685340082183556), (7.160341863693623, 0.13965813630637952)]","[(0.13965813630637802, 7.160341863693625), (7.160341863693623, 0.13965813630637952)]"
7.4,3,2,"[(0.13769737388862419, 7.262302626111377), (1.7781179884781135, 1.7781179884781129), (7.262302626111377, 0.13769737388862477)]","[(0.13769737388862419, 7.262302626111377), (7.262302626111377, 0.13769737388862477)]"
7.5,3,2,"[(0.13579192629975756, 7.364208073700245), (1.7876094083749057, 1.7876094083749008), (7.364208073700242, 0.13579192629975986)]","[(0.13579192629975756, 7.364208073700245), (7.364208073700242, 0.13579192629975986)]"
7.6000000000000005,3,2,"[(0.13393944403532543, 7.466060555964677), (1.7970104257394068, 1.7970104257394164), (7.466060555964673, 0.13393944403532798)]","[(0.13393944403532543, 7.466060555964677), (7.466060555964673, 0.13393944403532798)]"
7.7,3,2,"[(0.1321377109957394, 7.567862289004261), (1.806323119890503, 1.8063231198905032), (7.567862289004262, 0.13213771099573937)]","[(0.1321377109957394, 7.567862289004261), (7.567862289004262, 0.13213771099573937)]"
7.800000000000001,3,2,"[(0.13038463500584693, 7.669615364994154), (1.8155494954817641, 1.8155494954817644), (7.669615364994154, 0.13038463500584713)]","[(0.13038463500584693, 7.669615364994154), (7.669615364994154, 0.13038463500584713)]"
7.9,3,2,"[(0.12867823914289928, 7.771321760857102), (1.82469148611264, 1.8246914861126418), (7.771321760857101, 0.12867823914290089)]","[(0.12867823914289928, 7.771321760857102), (7.771321760857101, 0.12867823914290089)]"
8.0,3,2,"[(0.12701665379258337, 7.872983346207417), (1.8337509577214033, 1.8337509577213964), (7.872983346207416, 0.12701665379258315)]","[(0.12701665379258337, 7.872983346207417), (7.872983346207416, 0.12701665379258315)]"
8.100000000000001,3,2,"[(0.12539810936191864, 7.974601890638084), (1.84272971177564, 1.842729711775631), (7.974601890638079, 0.12539810936191909)]","[(0.12539810936191864, 7.974601890638084), (7.974601890638079, 0.12539810936191909)]"
8.2,3,2,"[(0.1238209295857911, 8.07617907041421), (1.8516294882747317, 1.8516294882747277), (8.07617907041421, 0.12382092958579137)]","[(0.1238209295857911, 8.07617907041421), (8.07617907041421, 0.12382092958579137)]"
8.3,3,2,"[(0.12228352537073467, 8.177716474629266), (1.8604519685775172, 1.8604519685775178), (8.177716474629268, 0.12228352537073428)]","[(0.12228352537073467, 8.177716474629266), (8.177716474629268, 0.12228352537073428)]"
8.4,3,2,"[(0.1207843891257715, 8.27921561087423), (1.8691987780672985, 1.8691987780672983), (8.279215610874232, 0.12078438912577202)]","[(0.1207843891257715, 8.27921561087423), (8.279215610874232, 0.12078438912577202)]"
8.5,3,2,"[(0.11932208953542203, 8.380677910464579), (1.8778714886653782, 1.877871488665379), (8.380677910464577, 0.11932208953542348)]","[(0.11932208953542203, 8.380677910464579), (8.380677910464577, 0.11932208953542348)]"
8.600000000000001,3,2,"[(0.11789526673470158, 8.482104733265302), (1.8864716212034178, 1.886471621203416), (8.482104733265299, 0.11789526673470309)]","[(0.11789526673470158, 8.482104733265302), (8.482104733265299, 0.11789526673470309)]"
8.7,3,2,"[(0.11650262785011381, 8.583497372149886), (1.8950006476640655, 1.8950006476640646), (8.583497372149887, 0.11650262785011284)]","[(0.11650262785011381, 8.583497372149886), (8.583497372149887, 0.11650262785011284)]"
8.8,3,2,"[(0.11514294287428956, 8.684857057125713), (1.9034599932986334, 1.9034599932986336), (8.684857057125711, 0.11514294287428997)]","[(0.11514294287428956, 8.684857057125713), (8.684857057125711, 0.11514294287428997)]"
8.9,3,2,"[(0.11381504084523622, 8.786184959154765), (1.911851038629853, 1.9118510386298484), (8.786184959154763, 0.11381504084523629)]","[(0.11381504084523622, 8.786184959154765), (8.786184959154763, 0.11381504084523629)]"
9.0,3,2,"[(0.11251780630393748, 8.887482193696064), (1.9201751213471803, 1.9201751213471787), (8.88748219369606, 0.11251780630393898)]","[(0.11251780630393748, 8.887482193696064), (8.88748219369606, 0.11251780630393898)]"
9.1,3,2,"[(0.11125017600676096, 8.98874982399324), (1.9284335381015638, 1.9284335381015656), (8.988749823993235, 0.11125017600676221)]","[(0.11125017600676096, 8.98874982399324), (8.988749823993235, 0.11125017600676221)]"
9.200000000000001,3,2,"[(0.11001113587126903, 9.089988864128733), (1.9366275462060172, 1.9366275462060114), (9.089988864128731, 0.11001113587127032)]","[(0.11001113587126903, 9.089988864128733), (9.089988864128731, 0.11001113587127032)]"
9.3,3,2,"[(0.10879971813618405, 9.191200281863816), (1.9447583652479157, 1.944758365247915), (9.191200281863814, 0.10879971813618426)]","[(0.10879971813618405, 9.191200281863816), (9.191200281863814, 0.10879971813618426)]"
9.4,3,2,"[(0.10761499871798601, 9.292385001282016), (1.9528271786185558, 1.9528271786185551), (9.292385001282014, 0.1076149987179864)]","[(0.10761499871798601, 9.292385001282016), (9.292385001282014, 0.1076149987179864)]"
9.5,3,2,"[(0.10645609474832204, 9.39354390525168), (1.9608351349649595, 1.9608351349649595), (9.39354390525168, 0.10645609474832247)]","[(0.10645609474832204, 9.39354390525168), (9.39354390525168, 0.10645609474832247)]"
9.6,3,2,"[(0.10532216227779866, 9.494677837722202), (1.968783349568743, 1.9687833495687423), (9.4946778377222, 0.10532216227779907)]","[(0.10532216227779866, 9.494677837722202), (9.4946778377222, 0.10532216227779907)]"
9.700000000000001,3,2,"[(0.10421239413308822, 9.595787605866914), (1.976672905656383, 1.9766729056563839), (9.595787605866914, 0.10421239413308761)]","[(0.10421239413308822, 9.595787605866914), (9.595787605866914, 0.10421239413308761)]"
9.8,3,2,"[(0.10312601791541726, 9.696873982084583), (1.9845048556449927, 1.984504855644991), (9.696873982084583, 0.10312601791541745)]","[(0.10312601791541726, 9.696873982084583), (9.696873982084583, 0.10312601791541745)]"
9.9,3,2,"[(0.10206229412959486, 9.797937705870407), (1.9922802223273837, 1.9922802223273883), (9.797937705870403, 0.1020622941295956)]","[(0.10206229412959486, 9.797937705870407), (9.797937705870403, 0.1020622941295956)]"
10.0,3,2,"[(0.10102051443364266, 9.89897948556636), (2.0, 2.0), (9.898979485566358, 0.10102051443364378)]","[(0.10102051443364266, 9.89897948556636), (9.898979485566358, 0.10102051443364378)]"
10.1,3,2,"[(0.09999999999999903, 10.000000000000002), (2.007665155536952, 2.0076651555369462), (10.0, 0.09999999999999999)]","[(0.09999999999999903, 10.000000000000002), (10.0, 0.09999999999999999)]"
10.200000000000001,3,2,"[(0.09900009998000407, 10.100999900019998), (2.0152766294133104, 2.0152766294133064), (10.100999900019996, 0.09900009998000499)]","[(0.09900009998000407, 10.100999900019998), (10.100999900019996, 0.09900009998000499)]"
10.3,3,2,"[(0.09802019006409711, 10.201979809935903), (2.0228353366804943, 2.022835336680493), (10.201979809935903, 0.09802019006409726)]","[(0.09802019006409711, 10.201979809935903), (10.201979809935903, 0.09802019006409726)]"
10.4,3,2,"[(0.09705967113077153, 10.302940328869228), (2.0303421678964293, 2.030342167896431), (10.30294032886923, 0.0970596711307705)]","[(0.09705967113077153, 10.302940328869228), (10.30294032886923, 0.0970596711307705)]"
10.5,3,2,"[(0.09611796797792385, 10.403882032022077), (2.037797990013019, 2.0377979900130185), (10.403882032022075, 0.09611796797792432)]","[(0.09611796797792385, 10.403882032022077), (10.403882032022075, 0.09611796797792432)]"
10.600000000000001,3,2,"[(0.09519452813075763, 10.504805471869245), (2.045203647223249, 2.0452036472232464), (10.50480547186924, 0.09519452813075832)]","[(0.09519452813075763, 10.504805471869245), (10.50480547186924, 0.09519452813075832)]"
10.700000000000001,3,2,"[(0.09428882072083414, 10.605711179279167), (2.0525599617701507, 2.0525599617701475), (10.605711179279165, 0.0942888207208342)]","[(0.09428882072083414, 10.605711179279167), (10.605711179279165, 0.0942888207208342)]"
10.8,3,2,"[(0.09340033543136195, 10.706599664568637), (2.0598677347196643, 2.059867734719661), (10.706599664568639, 0.09340033543136025)]","[(0.09340033543136195, 10.706599664568637), (10.706599664568639, 0.09340033543136025)]"
10.9,3,2,"[(0.09252858150414445, 10.807471418495854), (2.067127746699337, 2.067127746699335), (10.807471418495858, 0.09252858150414392)]","[(0.09252858150414445, 10.807471418495854), (10.807471418495858, 0.09252858150414392)]"
11.0,3,2,"[(0.09167308680401554, 10.908326913195985), (2.074340758604671, 2.0743407586046705), (10.908326913195985, 0.09167308680401605)]","[(0.09167308680401554, 10.908326913195985), (10.908326913195985, 0.09167308680401605)]"
